security_id,ticker,valid_from,valid_to,security_name,currency,security_type,primary_exchange,share_class_figi,composite_figi,provider_cik,reviewed_issuer_cik,predecessor_security_id,review_status,evidence
NB_EQ_0001,AAPL,2024-09-23,9999-12-31,Apple Inc.,USD,CS,XNAS,BBG001S5N8V8,BBG000B9XRY4,0000320193,0000320193,,VERIFIED_FOR_REPLAY,data/instrument_reference/bf2cfa4f068f45afa6d04452094e93b2
NB_EQ_0002,AMZN,2024-09-23,9999-12-31,Amazon.Com Inc,USD,CS,XNAS,BBG001S5PQL7,BBG000BVPV84,0001018724,0001018724,,VERIFIED_FOR_REPLAY,data/instrument_reference/bf2cfa4f068f45afa6d04452094e93b2
NB_EQ_0003,MSFT,2024-09-23,9999-12-31,Microsoft Corp,USD,CS,XNAS,BBG001S5TD05,BBG000BPH459,0000789019,0000789019,,VERIFIED_FOR_REPLAY,data/instrument_reference/bf2cfa4f068f45afa6d04452094e93b2
NB_EQ_0004,GOOGL,2024-09-23,9999-12-31,Alphabet Inc. Class A Common Stock,USD,CS,XNAS,BBG009S39JY5,BBG009S39JX6,0001652044,0001652044,,VERIFIED_FOR_REPLAY,data/instrument_reference/bf2cfa4f068f45afa6d04452094e93b2
NB_EQ_0005,META,2024-09-23,9999-12-31,"Meta Platforms, Inc. Class A Common Stock",USD,CS,XNAS,BBG001SQCQC5,BBG000MM2P62,0001326801,0001326801,,VERIFIED_FOR_REPLAY,data/instrument_reference/bf2cfa4f068f45afa6d04452094e93b2
NB_EQ_0006,NVDA,2024-09-23,9999-12-31,Nvidia Corp,USD,CS,XNAS,BBG001S5TZJ6,BBG000BBJQV0,0001045810,0001045810,,VERIFIED_FOR_REPLAY,data/instrument_reference/bf2cfa4f068f45afa6d04452094e93b2
NB_EQ_0007,TSLA,2024-09-23,9999-12-31,"Tesla, Inc. Common Stock",USD,CS,XNAS,BBG001SQKGD7,BBG000N9MNX3,0001318605,0001318605,,VERIFIED_FOR_REPLAY,data/instrument_reference/bf2cfa4f068f45afa6d04452094e93b2
NB_EQ_0008,JPM,2024-09-23,9999-12-31,JPMorgan Chase & Co.,USD,CS,XNYS,BBG001S8CRC3,BBG000DMBXR2,0000019617,0000019617,,VERIFIED_FOR_REPLAY,data/instrument_reference/bf2cfa4f068f45afa6d04452094e93b2
NB_EQ_0009,BAC,2024-09-23,9999-12-31,Bank of America Corporation,USD,CS,XNYS,BBG001S5P0Y0,BBG000BCTLF6,0000070858,0000070858,,VERIFIED_FOR_REPLAY,data/instrument_reference/bf2cfa4f068f45afa6d04452094e93b2
NB_EQ_0010,GS,2024-09-23,9999-12-31,Goldman Sachs Group Inc.,USD,CS,XNYS,BBG001SC07Z6,BBG000C6CFJ5,0000886982,0000886982,,VERIFIED_FOR_REPLAY,data/instrument_reference/bf2cfa4f068f45afa6d04452094e93b2
NB_EQ_0011,V,2024-09-23,9999-12-31,VISA Inc.,USD,CS,XNYS,BBG001SRCFY3,BBG000PSKYX7,0001403161,0001403161,,VERIFIED_FOR_REPLAY,data/instrument_reference/bf2cfa4f068f45afa6d04452094e93b2
NB_EQ_0012,MA,2024-09-23,9999-12-31,Mastercard Incorporated,USD,CS,XNYS,BBG001SKNNS6,BBG000F1ZSQ2,0001141391,0001141391,,VERIFIED_FOR_REPLAY,data/instrument_reference/bf2cfa4f068f45afa6d04452094e93b2
NB_EQ_0013,WMT,2024-09-23,9999-12-31,Walmart Inc.,USD,CS,XNYS,BBG001S5XH92,BBG000BWXBC2,0000104169,0000104169,,VERIFIED_FOR_REPLAY,data/instrument_reference/bf2cfa4f068f45afa6d04452094e93b2
NB_EQ_0014,COST,2024-09-23,9999-12-31,Costco Wholesale Corp,USD,CS,XNAS,BBG001S9KRQ7,BBG000F6H8W8,0000909832,0000909832,,VERIFIED_FOR_REPLAY,data/instrument_reference/bf2cfa4f068f45afa6d04452094e93b2
NB_EQ_0015,XOM,2024-09-23,2026-07-01,Exxon Mobil Corporation,USD,CS,XNYS,BBG001S69V32,BBG000GZQ728,0000034088,0000034088,,VERIFIED_FOR_REPLAY,data/instrument_reference/1ac725fe8eb9485fad3531811f530903
NB_EQ_0016,CVX,2024-09-23,9999-12-31,Chevron Corporation,USD,CS,XNYS,BBG001S67ZC5,BBG000K4ND22,0000093410,0000093410,,VERIFIED_FOR_REPLAY,data/instrument_reference/bf2cfa4f068f45afa6d04452094e93b2
NB_EQ_0017,UNH,2024-09-23,9999-12-31,UNITEDHEALTH GROUP INCORPORATED (Delaware),USD,CS,XNYS,BBG001S6WCJ1,BBG000CH5208,0000731766,0000731766,,VERIFIED_FOR_REPLAY,data/instrument_reference/bf2cfa4f068f45afa6d04452094e93b2
NB_EQ_0018,JNJ,2024-09-23,9999-12-31,Johnson & Johnson,USD,CS,XNYS,BBG001S5SHQ9,BBG000BMHYD1,0000200406,0000200406,,VERIFIED_FOR_REPLAY,data/instrument_reference/bf2cfa4f068f45afa6d04452094e93b2
NB_EQ_0019,PEP,2024-09-23,9999-12-31,"PepsiCo, Inc.",USD,CS,XNAS,BBG001S695T1,BBG000DH7JK6,0000077476,0000077476,,VERIFIED_FOR_REPLAY,data/instrument_reference/bf2cfa4f068f45afa6d04452094e93b2
NB_EQ_0020,KO,2024-09-23,9999-12-31,Coca-Cola Company,USD,CS,XNYS,BBG001S5SMQ8,BBG000BMX289,0000021344,0000021344,,VERIFIED_FOR_REPLAY,data/instrument_reference/bf2cfa4f068f45afa6d04452094e93b2
NB_EQ_0021,XOM,2026-07-02,9999-12-31,ExxonMobil Holdings Corporation,USD,CS,XNYS,BBG023CY9NL0,BBG023CY9MM1,0000034088,0002115436,NB_EQ_0015,SEC_REVIEWED_PROVIDER_CIK_MISMATCH,data/instrument_reference/1ac725fe8eb9485fad3531811f530903
