ticker,record_date,declared_date,pay_date,cash_per_share_usd,ex_dividend_date,source_url,checked_on
CVX,2026-05-19,2026-05-01,2026-06-10,1.78,,https://chevroncorp.gcs-web.com/stock-information/dividend-history,2026-10-06
CVX,2026-08-19,2026-07-31,2026-09-10,1.78,,https://chevroncorp.gcs-web.com/stock-information/dividend-history,2026-10-06
PEP,2025-12-05,2025-11-19,2026-01-06,1.4225,,https://www.pepsico.com/investors/dividend-information,2026-10-06
PEP,2025-09-05,2025-07-24,2025-09-30,1.4225,,https://www.pepsico.com/investors/dividend-information,2026-10-06
CVX,2026-02-17,2026-01-30,2026-03-10,1.78,,https://chevroncorp.gcs-web.com/stock-information/dividend-history,2026-10-06
PEP,2026-03-06,2026-02-04,2026-03-31,1.4225,,https://www.pepsico.com/investors/dividend-information,2026-10-06
CVX,2025-11-18,2025-10-31,2025-12-10,1.71,,https://chevroncorp.gcs-web.com/stock-information/dividend-history,2026-10-06
PEP,2025-06-06,2025-05-06,2025-06-30,1.4225,,https://www.pepsico.com/investors/dividend-information,2026-10-06
UNH,2025-12-08,2025-11-07,2025-12-16,2.21,,https://www.unitedhealthgroup.com/newsroom/2025/2025-11-uhg-authorizes-payment-quarterly-dividend.html,2026-10-06
UNH,2026-06-15,,2026-06-23,2.32,,https://www.unitedhealthgroup.com/investors/stock.html,2026-10-06
CVX,2025-08-19,2025-08-01,2025-09-10,1.71,,https://chevroncorp.gcs-web.com/stock-information/dividend-history,2026-10-06
UNH,2025-09-15,,2025-09-23,2.21,,https://www.unitedhealthgroup.com/investors/stock.html,2026-10-06
