"ticker","observed_start","classification","related_tickers","proposed_action","notes","source_url","provider_identity_status","review_date"
"ECHO","2026-06-24","ticker_change","SATS","verify_then_backfill","Same stock symbol change; company says CUSIP unchanged.","https://www.miaxglobal.com/alert/2026/06/23/miax-exchange-group-options-markets-corporate-action-alert-echostar-0","pending","2026-09-22"
"P","2026-04-17","ticker_change","PSTG","verify_then_backfill","Everpure announced symbol change; CUSIP unchanged.","https://www.everpuredata.com/uk/company/newsroom/press-releases/everpure-to-change-ticker-symbol.html","pending","2026-09-22"
"EXE","2024-10-02","merger_and_rename","CHK;SWN","review_merger_before_backfill","CHK became EXE after Southwestern combination; investigate CHK continuity and SWN conversion separately.","https://investors.expandenergy.com/news-releases/news-release-details/chesapeake-energy-and-southwestern-energy-complete-merger-and","pending","2026-09-22"
"FDXF","2026-06-01","spinoff","FDX","retain_regular_way_start","New FedEx Freight security; never substitute parent FDX prices. Earlier when-issued market is outside current scope.","https://investor.fedex.com/news-and-events/investor-news/investor-news-details/2026/FedEx-Completes-Spin-Off-of-FedEx-Freight/default.aspx","pending","2026-09-22"
"FISV","2025-11-11","ticker_and_exchange_change","FI","verify_then_backfill","NYSE FI moved to Nasdaq FISV; same CUSIP per Nasdaq. Expected exchange difference must be allowed.","https://nasdaqtrader.com/TraderNews.aspx?id=DTN2025-32","pending","2026-09-22"
"HONA","2026-06-29","spinoff","HON","retain_regular_way_start","Separate Honeywell Aerospace shares; do not attach HON prices. HONAV when-issued trading predates regular-way start; HON also reverse-split.","https://www.nasdaqtrader.com/TraderNews.aspx?id=ECA2026-399","pending","2026-09-22"
"MRSH","2026-01-14","ticker_change","MMC","verify_then_backfill","Marsh symbol and brand change; issuer says CUSIP unchanged.","https://www.marsh.com/en/corp/about/news/marsh-mclennan-to-change-nyse-symbol-to-mrsh.html","pending","2026-09-22"
"PSKY","2025-08-07","merger_new_listing","PARA;PARA.A","review_merger_before_backfill","New Paramount Class B listing after Skydance transaction; do not mechanically splice PARA prices or share classes.","https://www.paramount.com/press/skydance-media-and-paramount-global-complete-merger-creating-next-generation-media-company","pending","2026-09-22"
"Q","2025-11-03","spinoff","DD","retain_regular_way_start","Qnity separated November 1 and regular-way trading started November 3; do not substitute DD history.","https://www.dupont.com/news/dupont-completes-separation-of-qnity-electronics.html","pending","2026-09-22"
"SNDK","2025-02-24","spinoff","WDC","retain_regular_way_start","Separate Sandisk listing after Western Digital separation; do not substitute WDC prices.","https://investor.sandisk.com/node/6606/pdf","pending","2026-09-22"
"VMRK","2026-08-18","merger_and_rename","EQR;AVB","review_merger_before_backfill","EQR renamed after AvalonBay merger; review EQR continuity separately from AVB conversion at 2.793 shares.","https://investors.vivmarkresidential.com/news-events/press-releases/detail/113/vivmark-residential-launches-as-one-of-the-countrys-leading-real-estate-companies","pending","2026-09-22"
